{
  "best": "N8_seg8",
  "obstacles": [
    {
      "pos0": [
        2.0,
        8.0
      ],
      "vel": [
        0.5,
        -0.7
      ],
      "r": 0.8,
      "color": "#e74c3c",
      "name": "A"
    },
    {
      "pos0": [
        6.0,
        2.0
      ],
      "vel": [
        -0.3,
        0.5
      ],
      "r": 0.7,
      "color": "#2980b9",
      "name": "B"
    },
    {
      "pos0": [
        4.5,
        5.5
      ],
      "vel": [
        0.1,
        -0.3
      ],
      "r": 0.6,
      "color": "#27ae60",
      "name": "C"
    }
  ],
  "start": [
    0.5,
    1.0,
    0.0
  ],
  "end": [
    8.5,
    8.5,
    10.0
  ],
  "results": {
    "N4_seg4": {
      "N": 4,
      "n_seg": 4,
      "control_points": [
        [
          0.4925361062236946,
          0.9933853074313785,
          0.0023069532047247103
        ],
        [
          2.1404996523032427,
          2.25307712685233,
          3.546601269105463
        ],
        [
          3.7303970461266447,
          3.4105377362873797,
          6.115602792591
        ],
        [
          6.1479574002519675,
          6.01070527435804,
          7.869127884900557
        ],
        [
          8.505466316845265,
          8.506890872498994,
          10.001645407913104
        ]
      ],
      "min_clearance": 0.023969211705317628,
      "feasible": true
    },
    "N4_seg8": {
      "N": 4,
      "n_seg": 8,
      "control_points": [
        [
          0.49999999999999456,
          0.9999999999999974,
          1.8146009541280936e-14
        ],
        [
          1.4933613668078913,
          1.7837867027840686,
          3.3014810575389744
        ],
        [
          2.1778699428073103,
          2.2327276835726404,
          5.4090936022517315
        ],
        [
          5.310331681310234,
          5.335351562560549,
          7.728601352635889
        ],
        [
          8.500000000000004,
          8.5,
          10.0
        ]
      ],
      "min_clearance": 0.3266562996402955,
      "feasible": true
    },
    "N4_seg16": {
      "N": 4,
      "n_seg": 16,
      "control_points": [
        [
          0.4999999999999996,
          0.9999999999999993,
          7.634062756547601e-17
        ],
        [
          1.7856965935209281,
          2.0484795029710967,
          2.990615987805908
        ],
        [
          2.9063270688782032,
          2.851217439156628,
          5.368920752631263
        ],
        [
          5.741845219147886,
          5.660428214008668,
          8.158700196547821
        ],
        [
          8.500000000000002,
          8.500000000000002,
          10.0
        ]
      ],
      "min_clearance": 0.18461823540238886,
      "feasible": true
    },
    "N6_seg4": {
      "N": 6,
      "n_seg": 4,
      "control_points": [
        [
          0.48328525228164276,
          0.9845785755576643,
          0.003181706550344981
        ],
        [
          1.6025238147714806,
          1.835251164532655,
          2.764761449083536
        ],
        [
          2.7321204745763574,
          2.7062797392669227,
          4.418147141543568
        ],
        [
          3.87500581836318,
          3.5989539024574477,
          5.852456266879275
        ],
        [
          5.411100132540606,
          5.218868905532422,
          7.210736857479844
        ],
        [
          6.956902141421725,
          6.857070276990038,
          8.582771159950704
        ],
        [
          8.513589806889787,
          8.515751415460265,
          10.002535267501834
        ]
      ],
      "min_clearance": -0.0060172734313354015,
      "feasible": false
    },
    "N6_seg8": {
      "N": 6,
      "n_seg": 8,
      "control_points": [
        [
          0.49879696365342935,
          0.9960041766716289,
          -0.00027138905253764933
        ],
        [
          1.2006492149688983,
          1.5251382942199692,
          2.584938171330669
        ],
        [
          1.9284167478280407,
          2.148488124252238,
          4.122456997138251
        ],
        [
          2.6201226979775,
          2.6962242831266447,
          5.453882654503764
        ],
        [
          4.268423363414623,
          4.280954548709753,
          6.894570938679881
        ],
        [
          6.409707605409449,
          6.423530811816225,
          8.371347296982142
        ],
        [
          8.497419107477425,
          8.49938691772571,
          10.001841718134182
        ]
      ],
      "min_clearance": 0.3174492522871655,
      "feasible": true
    },
    "N6_seg16": {
      "N": 6,
      "n_seg": 16,
      "control_points": [
        [
          0.4999999999999732,
          0.9999999999999999,
          -2.7715670806179876e-15
        ],
        [
          1.492510791203861,
          2.5045045966375,
          2.039516849943614
        ],
        [
          2.4914497326942193,
          3.991355587301715,
          3.6099189158793803
        ],
        [
          3.563772120777763,
          5.492257924471988,
          5.119635173863481
        ],
        [
          5.207555252744593,
          6.515536013040451,
          6.6169078756891375
        ],
        [
          6.842987267898094,
          7.512914234424229,
          8.360180927597124
        ],
        [
          8.499999999999998,
          8.50000000000001,
          10.000000000000002
        ]
      ],
      "min_clearance": 0.09264488879378041,
      "feasible": true
    },
    "N8_seg4": {
      "N": 8,
      "n_seg": 4,
      "control_points": [
        [
          0.47607290300618976,
          0.9776065812712253,
          0.005146636684089605
        ],
        [
          1.3274040345143405,
          1.6213057530105621,
          2.317317532684558
        ],
        [
          2.175902366344952,
          2.260579542572204,
          3.6653846344052203
        ],
        [
          3.0810744372140126,
          2.9978852788804544,
          4.794820792232311
        ],
        [
          3.943839716911383,
          3.6828525403146606,
          5.845201955848985
        ],
        [
          5.093597916305574,
          4.887958849963025,
          6.815102368111734
        ],
        [
          6.2015160818128905,
          6.037432465043399,
          7.788273478679743
        ],
        [
          7.361070099331999,
          7.2819693210972325,
          8.846795286332343
        ],
        [
          8.519219961490604,
          8.522684939429771,
          10.002648184420957
        ]
      ],
      "min_clearance": -0.031141455362347803,
      "feasible": false
    },
    "N8_seg8": {
      "N": 8,
      "n_seg": 8,
      "control_points": [
        [
          0.49999999999999817,
          0.9999999999999988,
          -5.243014167819806e-16
        ],
        [
          1.0348413876526075,
          1.4150292610798403,
          2.1054357562178594
        ],
        [
          1.5585739573720392,
          1.817613732759153,
          3.3658543598977966
        ],
        [
          2.2293298779930195,
          2.3851401038922897,
          4.444149160640592
        ],
        [
          2.893429629983287,
          2.9456525194921253,
          5.528275731813018
        ],
        [
          3.8981311474332108,
          3.8881191601026894,
          6.619399694146199
        ],
        [
          5.418926573471726,
          5.410733684820043,
          7.69970131630097
        ],
        [
          6.9502722953121525,
          6.945030180026329,
          8.818835808315539
        ],
        [
          8.500000000000004,
          8.500000000000007,
          10.0
        ]
      ],
      "min_clearance": 0.3531802149512884,
      "feasible": true
    },
    "N8_seg16": {
      "N": 8,
      "n_seg": 16,