{
  "original": {
    "name": "original",
    "title": "3 Moving Obstacles",
    "best": "N6_seg8",
    "obstacles": [
      {
        "pos0": [
          2.0,
          8.0
        ],
        "vel": [
          0.5,
          -0.7
        ],
        "r": 0.8,
        "color": "#e74c3c",
        "name": "A"
      },
      {
        "pos0": [
          6.0,
          2.0
        ],
        "vel": [
          -0.3,
          0.5
        ],
        "r": 0.7,
        "color": "#2980b9",
        "name": "B"
      },
      {
        "pos0": [
          4.5,
          5.5
        ],
        "vel": [
          0.1,
          -0.3
        ],
        "r": 0.6,
        "color": "#27ae60",
        "name": "C"
      }
    ],
    "start": [
      0.5,
      1.0,
      0.0
    ],
    "end": [
      8.5,
      8.5,
      10.0
    ],
    "T": 10.0,
    "init_curve": {
      "mode": "quadratic_bow",
      "bow": 2.3,
      "side": 1.0,
      "workspace_center": [
        5.0,
        5.0
      ]
    },
    "results": {
      "N4_seg8": {
        "N": 4,
        "n_seg": 8,
        "control_points": [
          [
            0.5000000000000001,
            1.0000000000000002,
            2.2858221423773663e-16
          ],
          [
            1.9126568659581586,
            3.4587144340098845,
            5.318948624020353
          ],
          [
            3.227779632321988,
            6.015100266205915,
            5.418948851345863
          ],
          [
            5.912985871566864,
            7.209070427105264,
            5.518949084546875
          ],
          [
            8.500000000000004,
            8.500000000000004,
            10.000000000000002
          ]
        ],
        "min_clearance": 0.34085033971115997,
        "feasible": true
      },
      "N6_seg8": {
        "N": 6,
        "n_seg": 8,
        "control_points": [
          [
            0.5000000000000001,
            1.0000000000000002,
            -1.2892535142962945e-16
          ],
          [
            1.4547709361649923,
            2.643185594340157,
            5.176070597220451
          ],
          [
            2.4280562014325935,
            4.266883578257532,
            5.276070607716008
          ],
          [
            3.42233854034363,
            5.870063935989397,
            5.376070611875429
          ],
          [
            5.097249169558784,
            6.765835492047112,
            5.47607061642056
          ],
          [
            6.788975407933694,
            7.642824185302877,
            5.57607063644685
          ],
          [
            8.5,
            8.5,
            10.000000000000002
          ]
        ],
        "min_clearance": 0.3667883131152583,
        "feasible": true
      },
      "N8_seg8": {
        "N": 8,
        "n_seg": 8,
        "control_points": [
          [
            0.500000000000002,
            1.0000000000000016,
            -6.318218957909393e-16
          ],
          [
            1.2171779318143168,
            2.2320960533710106,
            5.067043083780053
          ],
          [
            1.9282165856466622,
            3.4706690090054297,
            5.167043692037484
          ],
          [
            2.746896484044157,
            4.596674569899737,
            5.267043783531633
          ],
          [
            3.473376035507543,
            5.819896962343585,
            5.367043863088963
          ],
          [
            4.749742624286355,
            6.470054151498137,
            5.467043905355384
          ],
          [
            5.929128240027657,
            7.220149968799665,
            5.567043969462785
          ],
          [
            7.2178005250266875,
            7.8567415868715305,
            5.6670445735966934
          ],
          [
            8.5,
            8.5,
            10.000000000000002
          ]
        ],
        "min_clearance": 0.36656628640798217,
        "feasible": true
      }
    }
  },
  "diverse": {
    "name": "diverse",
    "title": "Diverse Moving Obstacles",
    "best": "N8_seg8",
    "obstacles": [
      {
        "pos0": [
          1.0,
          6.0
        ],
        "vel": [
          0.8,
          -0.1
        ],
        "r": 0.6,
        "color": "#e74c3c",
        "name": "A"
      },
      {
        "pos0": [
          5.0,
          5.0
        ],
        "vel": [
          0.05,
          -0.15
        ],
        "r": 1.0,
        "color": "#2980b9",
        "name": "B"
      },
      {
        "pos0": [
          8.0,
          1.0
        ],
        "vel": [
          -0.6,
          0.4
        ],
        "r": 0.5,
        "color": "#27ae60",
        "name": "C"
      },
      {
        "pos0": [
          3.0,
          1.5
        ],
        "vel": [
          0.3,
          0.6
        ],
        "r": 0.4,
        "color": "#9b59b6",
        "name": "D"
      },
      {
        "pos0": [
          4.0,
          8.0
        ],
        "vel": [
          0.1,
          -0.5
        ],
        "r": 0.9,
        "color": "#e67e22",
        "name": "E"
      },
      {
        "pos0": [
          7.0,
          7.0
        ],
        "vel": [
          -0.4,
          -0.3
        ],
        "r": 0.35,
        "color": "#1abc9c",
        "name": "F"
      },
      {
        "pos0": [
          2.5,
          4.0
        ],
        "vel": [
          0.0,
          0.0
        ],
        "r": 0.7,
        "color": "#f39c12",
        "name": "G"
      }
    ],
    "start": [
      0.5,
      0.5,
      0.0
    ],
    "end": [
      9.0,
      9.0,
      10.0
    ],
    "T": 10.0,
    "init_curve": {
      "mode": "straight"
    },
    "results": {
      "N8_seg8": {
        "N": 8,
        "n_seg": 8,
        "control_points": [
          [
            0.5,
            0.5,
            0.0
          ],
          [
            1.5625,
            1.5625,
            1.25
          ],
          [
            2.625,
            2.625,
            2.5
          ],
          [
            3.6875,
            3.6875,
            3.75
          ],
          [
            4.75,
            4.75,
            5.0
          ],
          [
            5.8125,
            5.8125,
            6.25
          ],
          [
            6.875,
            6.875,
            7.5
          ],
          [
            7.9375,
            7.9375,
            8.75
          ],
          [
            9.0,
            9.0,
            10.0
          ]
        ],
        "min_clearance": -0.3897631883109966,
        "feasible": false
      },
      "N8_seg16": {
        "N": 8,
        "n_seg": 16,
        "control_points": [
          [
            0.5,
            0.5,
            0.0
          ],
          [
            1.5625,
            1.5625,
            1.25
          ],
          [
            2.625,
            2.625,
            2.5
          ],
          [
            3.6875,
            3.6875,
            3.75
          ],
          [
            4.75,
            4.75,
            5.0
          ],
          [
            5.8125,
            5.8125,
            6.25
          ],
          [
            6.875,
            6.875,
            7.5
          ],
          [
            7.9375,
            7.9375,
            8.75
          ],
          [
            9.0,
            9.0,
            10.0
          ]
        ],
        "min_clearance": -0.3897631883109966,
        "feasible": false
      },
      "N10_seg16": {
        "N": 10,
        "n_seg": 16,