{
  "original": {
    "name": "original",
    "title": "3 Moving Obstacles",
    "best": "N6_seg8",
    "obstacles": [
      {
        "pos0": [
          2.0,
          8.0
        ],
        "vel": [
          0.5,
          -0.7
        ],
        "r": 0.8,
        "color": "#e74c3c",
        "name": "A"
      },
      {
        "pos0": [
          6.0,
          2.0
        ],
        "vel": [
          -0.3,
          0.5
        ],
        "r": 0.7,
        "color": "#2980b9",
        "name": "B"
      },
      {
        "pos0": [
          4.5,
          5.5
        ],
        "vel": [
          0.1,
          -0.3
        ],
        "r": 0.6,
        "color": "#27ae60",
        "name": "C"
      }
    ],
    "start": [
      0.5,
      1.0,
      0.0
    ],
    "end": [
      8.5,
      8.5,
      10.0
    ],
    "T": 10.0,
    "results": {
      "N4_seg8": {
        "N": 4,
        "n_seg": 8,
        "control_points": [
          [
            0.49999999999999933,
            0.9999999999999993,
            4.3150317779079914e-17
          ],
          [
            1.5280156957500342,
            1.7966507690216955,
            3.3250417679186994
          ],
          [
            2.2580787275121135,
            2.263305423027048,
            5.613686198391184
          ],
          [
            5.351826830870016,
            5.351173827263954,
            7.6663946741972975
          ],
          [
            8.5,
            8.5,
            10.0
          ]
        ],
        "min_clearance": 0.3524260258084355,
        "feasible": true
      },
      "N6_seg8": {
        "N": 6,
        "n_seg": 8,
        "control_points": [
          [
            0.49999999999999845,
            1.000000000000003,
            -4.821604014022984e-16
          ],
          [
            1.215281432329038,
            1.5521872850132235,
            2.6335124581188647
          ],
          [
            1.980736744129102,
            2.1610431188885952,
            4.082414490317569
          ],
          [
            2.705619552891151,
            2.724005804955524,
            5.556281623357154
          ],
          [
            4.336299338594962,
            4.309731497586562,
            7.020170512530804
          ],
          [
            6.4362512015429365,
            6.425303256367894,
            8.403187587168695
          ],
          [
            8.500000000000002,
            8.500000000000002,
            10.000000000000002
          ]
        ],
        "min_clearance": 0.36115954997229593,
        "feasible": true
      },
      "N8_seg8": {
        "N": 8,
        "n_seg": 8,
        "control_points": [
          [
            0.49999999999999833,
            0.9999999999999997,
            3.180423199787871e-16
          ],
          [
            1.037188406999816,
            1.415874021638922,
            2.113632633363913
          ],
          [
            1.563381259446728,
            1.819298557641427,
            3.375979685391576
          ],
          [
            2.2354960166793676,
            2.3874764935577266,
            4.438321614586333
          ],
          [
            2.902054969168029,
            2.9487025580177963,
            5.552852830591082
          ],
          [
            3.905770674873322,
            3.891246065989788,
            6.600293308364279
          ],
          [
            5.424366239952098,
            5.412826504700001,
            7.7362558945438735
          ],
          [
            6.953003550341645,
            6.946099602135449,
            8.796243586222745
          ],
          [
            8.499999999999996,
            8.5,
            10.000000000000002
          ]
        ],
        "min_clearance": 0.35644213791871393,
        "feasible": true
      }
    }
  },
  "diverse": {
    "name": "diverse",
    "title": "Diverse Moving Obstacles",
    "best": "N8_seg16",
    "obstacles": [
      {
        "pos0": [
          1.0,
          6.0
        ],
        "vel": [
          0.8,
          -0.1
        ],
        "r": 0.6,
        "color": "#e74c3c",
        "name": "A"
      },
      {
        "pos0": [
          5.0,
          5.0
        ],
        "vel": [
          0.05,
          -0.15
        ],
        "r": 1.0,
        "color": "#2980b9",
        "name": "B"
      },
      {
        "pos0": [
          8.0,
          1.0
        ],
        "vel": [
          -0.6,
          0.4
        ],
        "r": 0.5,
        "color": "#27ae60",
        "name": "C"
      },
      {
        "pos0": [
          3.0,
          1.5
        ],
        "vel": [
          0.3,
          0.6
        ],
        "r": 0.4,
        "color": "#9b59b6",
        "name": "D"
      },
      {
        "pos0": [
          4.0,
          8.0
        ],
        "vel": [
          0.1,
          -0.5
        ],
        "r": 0.9,
        "color": "#e67e22",
        "name": "E"
      },
      {
        "pos0": [
          7.0,
          7.0
        ],
        "vel": [
          -0.4,
          -0.3
        ],
        "r": 0.35,
        "color": "#1abc9c",
        "name": "F"
      },
      {
        "pos0": [
          2.5,
          4.0
        ],
        "vel": [
          0.0,
          0.0
        ],
        "r": 0.7,
        "color": "#f39c12",
        "name": "G"
      }
    ],
    "start": [
      0.5,
      0.5,
      0.0
    ],
    "end": [
      9.0,
      9.0,
      10.0
    ],
    "T": 10.0,
    "results": {
      "N8_seg8": {
        "N": 8,
        "n_seg": 8,
        "control_points": [
          [
            0.24097972468627088,
            0.21475214091414252,
            0.04808258452094152
          ],
          [
            1.2539135404920423,
            1.4224921679829787,
            2.58334730993207
          ],
          [
            2.2864120501465055,
            2.6845750879964783,
            3.7590736217087564
          ],
          [
            3.1458774089466455,
            3.624691796561865,
            4.7579323039450685
          ],
          [
            4.629669375486933,
            5.418095650250043,
            5.613915995491863
          ],
          [
            6.1574757954001305,
            6.8929544177780855,
            6.494619273391883
          ],
          [
            7.064068775405651,
            7.591380595641348,
            7.346190338712012
          ],
          [
            8.165790314550263,
            8.486670098270253,
            8.421470268246104
          ],
          [
            9.256406086133545,
            9.308484738864326,
            10.039740534849589
          ]
        ],
        "min_clearance": -0.8472788218942112,
        "feasible": false
      },
      "N8_seg16": {
        "N": 8,
        "n_seg": 16,
        "control_points": [
          [
            0.1552850133954448,
            0.14739104229869165,
            0.04751789042692736
          ],
          [
            0.6669813461777301,
            0.9361497426022463,
            2.704127422934828
          ],
          [
            1.3206252701951287,
            1.7410087446892257,
            3.83713508134333
          ],
          [
            1.8401304615372862,
            2.7662458570077155,
            4.792678085335728
          ],
          [
            2.216941469767292,
            3.156958070287954,
            5.696183729357194
          ],
          [
            8.636453926685578,
            5.73177937363213,
            6.609268856016319
          ],
          [
            7.09748901041268,
            6.909201855604498,
            7.880579438500869
          ],
          [
            8.466374349970682,
            8.149708493010818,
            8.996462471341783
          ],
          [
            9.321530897162026,
            9.398222800187918,
            10.021346092000284
          ]
        ],
        "min_clearance": -0.4342650426455644,
        "feasible": false
      },