{
  "problem": {
    "transfer_time_s": 1500.0,
    "koz_radius_km": 6471.0,
    "n_intervals": 12,
    "n_nodes": 13
  },
  "comparison": {
    "naive": {
      "success": true,
      "solve_time_s": 0.04032492637634277,
      "iteration_count": 15,
      "final_objective": 0.1444069345026625,
      "constraint_satisfaction": {
        "max_boundary_violation": 0.0,
        "max_dynamics_defect": 6.821210263296962e-13,
        "max_eq_violation": 6.821210263296962e-13,
        "min_node_margin_km": 144.9999999999991,
        "min_segment_margin_km": 144.9999999999991
      },
      "solver_status": 1,
      "solver_message": "`gtol` termination condition is satisfied.",
      "node_count": 13,
      "r": [
        [
          6390.565266728476,
          1062.683294938051,
          1342.6972057553455
        ],
        [
          6194.513537486761,
          1566.4697154699907,
          1979.2482727643558
        ],
        [
          6099.8198935439395,
          1919.7107593355008,
          2425.64339050161
        ],
        [
          6084.880522940041,
          2138.855612907461,
          2702.587967218777
        ],
        [
          6123.343162114371,
          2249.24658806653,
          2842.0239442420952
        ],
        [
          6187.121185725942,
          2280.545071155107,
          2881.5402773835235
        ],
        [
          6246.2029756925585,
          2264.9873966629293,
          2861.8786114075715
        ],
        [
          6269.135390316794,
          2235.859185819661,
          2825.015096592719
        ],
        [
          6223.8836669436505,
          2226.09764670939,
          2812.65671984454
        ],
        [
          6079.134309840597,
          2267.3301345635637,
          2864.7781831835514
        ],
        [
          5806.0145043519515,
          2388.926640338051,
          3018.391267784437
        ],
        [
          5380.4345431716865,
          2617.0990628125187,
          3306.6773142872353
        ],
        [
          4787.820015414113,
          2971.32353237356,
          3754.2585108065095
        ]
      ],
      "v": [
        [
          -2.0089418691460117,
          4.652935627956532,
          5.878970428890507
        ],
        [
          -1.1278857987214175,
          3.407647100554504,
          4.3058466432536555
        ],
        [
          -0.38721250436373134,
          2.2442096012936577,
          2.836475240542411
        ],
        [
          0.14818257470135257,
          1.262108055857705,
          1.5946379869322616
        ],
        [
          0.46721965208792177,
          0.5041475466873985,
          0.6363376454408346
        ],
        [
          0.5532287256972235,
          -0.0033718172701649894,
          -0.00407631517798741
        ],
        [
          0.3920799137686456,
          -0.2455509746046774,
          -0.31051034043724535
        ],
        [
          -0.025161279780889927,
          -0.22050039888761933,
          -0.2793058966003921
        ],
        [
          -0.6988662941894068,
          0.06431577312328901,
          0.08157186862952938
        ],
        [
          -1.617123419459451,
          0.5954040325434902,
          0.752371544794649
        ],
        [
          -2.7527934683588655,
          1.3501400598483082,
          1.7054378088195217
        ],
        [
          -4.056485910525385,
          2.30061869974317,
          2.907138935225249
        ],
        [
          -5.425346533595781,
          3.3669728132334895,
          4.2541602090831425
        ]
      ],
      "u": [
        [
          0.01616688228746935,
          -0.008535332428127174,
          -0.010782824767478947
        ],
        [
          0.014993469795117753,
          -0.007836847025348894,
          -0.00988530482274788
        ],
        [
          0.01271801643831671,
          -0.00629710058996601,
          -0.007946414837924737
        ],
        [
          0.010546585147603189,
          -0.004529756657553495,
          -0.005731263609582279
        ],
        [
          0.008428959756242266,
          -0.002614721083716989,
          -0.0032887022976958217
        ],
        [
          0.006343386608419479,
          -0.0005764303850078591,
          -0.0007137077172567854
        ],
        [
          0.004275628040163159,
          0.0015267479144066213,
          0.0019229665015283877
        ],
        [
          0.0022385065657205593,
          0.00361750094602239,
          0.004584819047085384
        ],
        [
          0.0002888742267296798,
          0.005692178549889261,
          0.007209387283035962
        ],
        [
          -0.0014931954020264051,
          0.007733347233241059,
          0.009766181595084723
        ],
        [
          -0.0030376177537402957,
          0.009693204499435221,
          0.012261626128956295
        ],
        [
          -0.004263361077125994,
          0.011596085040830772,
          0.014670985319405009
        ],
        [
          -0.004783825655411366,
          0.012542515380111708,
          0.015848516722416932
        ]
      ]
    },
    "bezier_warm_start": {
      "success": true,
      "solve_time_s": 0.19014930725097656,
      "iteration_count": 50,
      "final_objective": 0.14433950907925566,
      "constraint_satisfaction": {
        "max_boundary_violation": 0.0,
        "max_dynamics_defect": 8.455458555545192e-13,
        "max_eq_violation": 8.455458555545192e-13,
        "min_node_margin_km": 144.9999999999991,
        "min_segment_margin_km": 144.9999999999991
      },
      "solver_status": 1,
      "solver_message": "`gtol` termination condition is satisfied.",
      "node_count": 13,
      "r": [
        [
          6390.565266728476,
          1062.683294938051,
          1342.6972057553455
        ],
        [
          6199.067821039709,
          1568.2138779874024,
          1981.851196800005
        ],
        [
          6116.223158369829,
          1925.9252767413034,
          2434.7197435298176
        ],
        [
          6116.52526803872,
          2150.6520856595266,
          2719.4201683542638
        ],
        [
          6169.649748064332,
          2266.287624820672,
          2865.856073004731
        ],
        [
          6243.950360570017,
          2301.39301889964,
          2910.2517258010184
        ],
        [
          6306.779031627266,
          2287.251375748355,
          2892.376657290929
        ],
        [
          6325.795951784222,
          2256.6368583939643,
          2853.670950915449
        ],
        [
          6270.033758046233,
          2242.8706605414427,
          2836.038681621906
        ],
        [
          6110.73720727739,
          2278.672454015196,
          2880.6772662511044
        ],
        [
          5822.432363619125,
          2394.7366260061176,
          3026.5437421262577
        ],
        [
          5384.996737852076,
          2618.693020518062,
          3308.916767101709
        ],
        [
          4787.820015414113,
          2971.32353237356,
          3754.2585108065095
        ]
      ],